{
  "nodes": {
    "translate-manga#1": {
      "contentWidth": 474.453125,
      "rfNode": {
        "position": {
          "x": 463,
          "y": 171
        }
      }
    },
    "pdf2images#1": {
      "contentWidth": 450,
      "rfNode": {
        "position": {
          "x": -41.111726897773224,
          "y": 171
        }
      }
    },
    "images2pdf#1": {
      "contentWidth": 610.1898321641047,
      "rfNode": {
        "position": {
          "x": 1401.6306652665785,
          "y": 171
        }
      }
    },
    "dir_to_path_list#1": {
      "contentWidth": 350,
      "rfNode": {
        "position": {
          "x": 998.697975309823,
          "y": 171
        }
      }
    }
  }
}