{
  "nodes": {
    "translate-manga#1": {
      "contentWidth": 513.9537917638803,
      "rfNode": {
        "position": {
          "x": 463,
          "y": 171
        }
      }
    },
    "pdf2images#1": {
      "contentWidth": 475.35613163995873,
      "rfNode": {
        "position": {
          "x": -147.52160254394957,
          "y": -49.38769503442991
        }
      }
    },
    "images2pdf#1": {
      "contentWidth": 610.1898321641047,
      "rfNode": {
        "position": {
          "x": 1904.9758853067256,
          "y": 152.29880233686558
        }
      }
    },
    "dir_to_path_list#1": {
      "contentWidth": 350,
      "rfNode": {
        "position": {
          "x": 1009.9283727143722,
          "y": 171
        }
      }
    },
    "+javascript#1": {
      "contentWidth": 450,
      "rfNode": {
        "position": {
          "x": 1397.0144649312358,
          "y": 451.2988023368656
        }
      }
    },
    "+javascript#2": {
      "contentWidth": 450,
      "rfNode": {
        "position": {
          "x": -122.5216025439496,
          "y": 393.49551564796565
        }
      }
    },
    "+javascript#3": {
      "contentWidth": 450,
      "rfNode": {
        "position": {
          "x": -716.1354708317174,
          "y": -49.38769503442991
        }
      }
    }
  }
}