{
  "nodes": {
    "translate-manga-page#1": {
      "contentWidth": 477.8866422073417,
      "rfNode": {
        "position": {
          "x": 516,
          "y": 0
        }
      },
      "sections": {
        "inputs": {
          "groupCollapsed": {
            "more": true
          }
        }
      }
    },
    "file_to_binary#1": {
      "contentWidth": 358.3904563312066,
      "rfNode": {
        "position": {
          "x": 102.96781974625814,
          "y": 0
        }
      }
    },
    "image_preview#1": {
      "contentWidth": 782.6345824413372,
      "rfNode": {
        "position": {
          "x": 1591.4331043098591,
          "y": 287.9970920954611
        }
      }
    },
    "binary_save_as_file#1": {
      "rfNode": {
        "position": {
          "x": 1094.0748282323943,
          "y": 287.9970920954611
        }
      }
    }
  }
}