{
  "nodes": {
    "pdf_batch_process#4": {
      "rfNode": {
        "position": {
          "x": 590.951437372716,
          "y": 214.85781692572627
        }
      }
    },
    "pdf_batch_process#1": {
      "rfNode": {
        "position": {
          "x": 499.4348192047353,
          "y": 872.1065215038373
        }
      }
    },
    "translate_pdf_manga#2": {
      "rfNode": {
        "position": {
          "x": 1146.1889895484055,
          "y": 1004.9742266319155
        }
      }
    }
  }
}