{
  "nodes": {
    "pdf_batch_process#4": {
      "rfNode": {
        "position": {
          "x": 590.951437372716,
          "y": 214.85781692572627
        }
      }
    }
  }
}