{
  "nodes": {
    "translate-manga-pdf#1": {
      "rfNode": {
        "position": {
          "x": 499.56701030927843,
          "y": -2.6345933562427835
        }
      }
    }
  },
  "pseudoNodes": {
    "input": {
      "rfNode": {
        "position": {
          "x": -139.58882681564248,
          "y": -186.64134078212288
        }
      }
    },
    "output": {
      "rfNode": {
        "position": {
          "x": 1000,
          "y": -100
        }
      }
    }
  }
}